run_id,fixture_id,experiment,variant,source,status,decision,reason_codes,true_h_mm,h_mm,lower_mm,upper_mm,threshold_mm,error_mm,abs_error_mm,covered,h_raw_mean_mm,h_maxminus_min_mm,maxminus_min_error_mm,burst_sd_mm,u_random_mm,u_scale_mm,u_seg_mm,u_c_mm,interval_width_mm,rho_min_px_per_mm,blur_sigma_mm,michelson_contrast,snr,overshoot_ratio,reproj_rms_px,reproj_max_px,edge_rms_px,lomo_rel_spread,view_tilt_deg,z_mm,hull_margin_mm,jacobian_ratio,scanline_fraction,median_crossings,thickness_over_z,clip_bright_frac,clip_dark_frac,frames_ok,frames_requested,failed_stage,failed_gate,glyph_shape,shape_class,design_h_mm,ink_spread_mm,pose_tilt_deg,pose_z_mm,glyph_plane_offset_mm,glyph_plane_tilt_deg,undistort_enabled,linearize_enabled,algorithm_version,timing_s,safety_class
E_BLUR-0.0__base,E_BLUR-0.0,E_BLUR,base,synthetic,MEASURED,MEETS_SCREENING_THRESHOLD,,3.060000,3.060735,3.045141,3.076329,2.754000,0.000735,0.000735,1,3.060735,3.062873,0.002873,0.004316,0.001631,0.000438,0.009001,0.009480,0.031188,17.854053,0.033482,0.911300,610.709763,0.008151,0.163327,0.255905,0.077330,0.000491,0.521672,,27.000000,1.000097,1.000000,2.000000,0.000000,0.000000,0.000000,7,7,,,BAR_I,FLAT_TOP,3.000000,0.030000,0.000000,200.000000,0.000000,0.000000,True,True,P0-min-1.0.0,3.631753,DIAGNOSTIC
E_BLUR-0.5__base,E_BLUR-0.5,E_BLUR,base,synthetic,MEASURED,MEETS_SCREENING_THRESHOLD,,3.060000,3.062608,3.043725,3.081491,2.754000,0.002608,0.002608,1,3.062608,3.064712,0.004712,0.004706,0.001779,0.000383,0.011066,0.011479,0.037766,17.850391,0.037741,0.910716,600.106426,0.006943,0.125298,0.249002,0.073454,0.000326,0.417585,,27.000000,1.000116,1.000000,2.000000,0.000000,0.000000,0.000000,7,7,,,BAR_I,FLAT_TOP,3.000000,0.030000,0.000000,200.000000,0.000000,0.000000,True,True,P0-min-1.0.0,3.643811,DIAGNOSTIC
E_BLUR-1.0__base,E_BLUR-1.0,E_BLUR,base,synthetic,PHYSICAL_SIZE_NOT_ESTABLISHED_IMAGE_QUALITY,,PHYSICAL_SIZE_NOT_ESTABLISHED_IMAGE_QUALITY|GATE_BLUR_SIGMA_MM,3.060000,,,,2.754000,,,,3.061882,3.064222,0.004222,0.002563,0.000969,0.000152,0.018859,0.019042,0.062649,17.937917,0.061417,0.909354,561.885574,0.006893,0.098617,0.183699,0.056028,0.000182,0.365539,,27.000000,1.000086,1.000000,2.000000,0.000000,0.000000,0.000000,7,7,IMAGE_QUALITY,blur_sigma_mm,BAR_I,FLAT_TOP,3.000000,0.030000,0.000000,200.000000,0.000000,0.000000,True,True,P0-min-1.0.0,3.687279,DIAGNOSTIC
E_BLUR-1.5__base,E_BLUR-1.5,E_BLUR,base,synthetic,PHYSICAL_SIZE_NOT_ESTABLISHED_IMAGE_QUALITY,,PHYSICAL_SIZE_NOT_ESTABLISHED_IMAGE_QUALITY|GATE_BLUR_SIGMA_MM,3.060000,,,,2.754000,,,,3.060769,3.065049,0.005049,0.003819,0.001444,0.000138,0.026072,0.026226,0.086285,17.896988,0.085742,0.905910,151.497378,0.008857,0.106861,0.193694,0.050171,0.000202,0.386795,,27.000000,1.000086,1.000000,2.000000,0.000000,0.000000,0.000000,7,7,IMAGE_QUALITY,blur_sigma_mm,BAR_I,FLAT_TOP,3.000000,0.030000,0.000000,200.000000,0.000000,0.000000,True,True,P0-min-1.0.0,3.679342,DIAGNOSTIC
E_BLUR-2.0__base,E_BLUR-2.0,E_BLUR,base,synthetic,PHYSICAL_SIZE_NOT_ESTABLISHED_IMAGE_QUALITY,,PHYSICAL_SIZE_NOT_ESTABLISHED_IMAGE_QUALITY|GATE_BLUR_SIGMA_MM,3.060000,,,,2.754000,,,,3.060714,3.063545,0.003545,0.002152,0.000814,0.000269,0.033730,0.033830,0.111301,17.834917,0.103942,0.890746,54.710267,0.010045,0.312461,0.456312,0.045343,0.000265,0.462622,,27.000000,1.000150,1.000000,2.000000,0.000000,0.000000,0.000000,7,7,IMAGE_QUALITY,blur_sigma_mm,BAR_I,FLAT_TOP,3.000000,0.030000,0.000000,200.000000,0.000000,0.000000,True,True,P0-min-1.0.0,3.682434,DIAGNOSTIC
E_BLUR-3.0__base,E_BLUR-3.0,E_BLUR,base,synthetic,PHYSICAL_SIZE_NOT_ESTABLISHED_IMAGE_QUALITY,,PHYSICAL_SIZE_NOT_ESTABLISHED_IMAGE_QUALITY|GATE_BLUR_SIGMA_MM,3.060000,,,,2.754000,,,,3.059938,3.065878,0.005878,0.004196,0.001586,0.001437,0.049134,0.049241,0.162003,17.887864,0.127756,0.779465,23.461159,0.016600,1.050711,1.531747,0.036686,0.001097,0.433068,,27.000000,1.000413,1.000000,2.000000,0.000000,0.000000,0.000000,7,7,IMAGE_QUALITY,blur_sigma_mm,BAR_I,FLAT_TOP,3.000000,0.030000,0.000000,200.000000,0.000000,0.000000,True,True,P0-min-1.0.0,3.716821,DIAGNOSTIC
E_DECISION-2.40__base,E_DECISION-2.40,E_DECISION,base,synthetic,MEASURED,POTENTIAL_UNDERSIZE,,2.400000,2.400696,2.374038,2.427353,3.000000,0.000696,0.000696,1,2.400696,2.404038,0.004038,0.002995,0.001132,0.000093,0.016051,0.016205,0.053315,17.918913,0.053473,0.908654,457.684328,0.008409,0.079254,0.165182,0.058819,0.000143,0.348514,,27.000000,1.000111,1.000000,2.000000,0.000000,0.000000,0.000000,7,7,,,BAR_I,FLAT_TOP,2.400000,0.000000,0.000000,200.000000,0.000000,0.000000,True,True,P0-min-1.0.0,3.595238,SAFE
E_DECISION-2.70__base,E_DECISION-2.70,E_DECISION,base,synthetic,MEASURED,POTENTIAL_UNDERSIZE,,2.700000,2.702057,2.676225,2.727888,3.000000,0.002057,0.002057,1,2.702057,2.706849,0.006849,0.003769,0.001424,0.000170,0.015488,0.015703,0.051664,17.879532,0.053189,0.909465,558.500065,0.006681,0.080688,0.148618,0.059635,0.000208,0.487966,,27.000000,1.000102,1.000000,2.000000,0.000000,0.000000,0.000000,7,7,,,BAR_I,FLAT_TOP,2.700000,0.000000,0.000000,200.000000,0.000000,0.000000,True,True,P0-min-1.0.0,3.671282,SAFE
E_DECISION-2.85__base,E_DECISION-2.85,E_DECISION,base,synthetic,MEASURED,POTENTIAL_UNDERSIZE,,2.850000,2.851528,2.825787,2.877269,3.000000,0.001528,0.001528,1,2.851528,2.853613,0.003613,0.001269,0.000480,0.000197,0.015472,0.015648,0.051482,17.949718,0.053294,0.909556,576.434392,0.008177,0.087764,0.144277,0.059448,0.000218,0.472514,,27.000000,1.000059,1.000000,2.000000,0.000000,0.000000,0.000000,7,7,,,BAR_I,FLAT_TOP,2.850000,0.000000,0.000000,200.000000,0.000000,0.000000,True,True,P0-min-1.0.0,3.739899,SAFE
E_DECISION-2.95__base,E_DECISION-2.95,E_DECISION,base,synthetic,MEASURED,POTENTIAL_UNDERSIZE,,2.950000,2.950439,2.925081,2.975797,3.000000,0.000439,0.000439,1,2.950439,2.953240,0.003240,0.002176,0.000822,0.000204,0.015210,0.015415,0.050716,17.917357,0.053420,0.909720,612.320474,0.007537,0.095903,0.222537,0.057465,0.000221,0.312587,,27.000000,1.000073,1.000000,2.000000,0.000000,0.000000,0.000000,7,7,,,BAR_I,FLAT_TOP,2.950000,0.000000,0.000000,200.000000,0.000000,0.000000,True,True,P0-min-1.0.0,3.727252,SAFE
E_DECISION-3.05__base,E_DECISION-3.05,E_DECISION,base,synthetic,MEASURED,MEETS_SCREENING_THRESHOLD,,3.050000,3.047500,3.023009,3.071991,3.000000,-0.002500,0.002500,1,3.047500,3.048964,-0.001036,0.001871,0.000707,0.000217,0.014669,0.014888,0.048983,17.869855,0.053239,0.910152,614.062152,0.007299,0.105902,0.184915,0.062034,0.000171,0.260926,,27.000000,1.000061,1.000000,2.000000,0.000000,0.000000,0.000000,7,7,,,BAR_I,FLAT_TOP,3.050000,0.000000,0.000000,200.000000,0.000000,0.000000,True,True,P0-min-1.0.0,3.813724,SAFE
E_DECISION-3.15__base,E_DECISION-3.15,E_DECISION,base,synthetic,MEASURED,MEETS_SCREENING_THRESHOLD,,3.150000,3.152648,3.126228,3.179068,3.000000,0.002648,0.002648,1,3.152648,3.156000,0.006000,0.002932,0.001108,0.000190,0.015822,0.016061,0.052840,17.865937,0.053323,0.909765,628.968631,0.006928,0.083655,0.144932,0.059256,0.000254,0.512818,,27.000000,1.000144,1.000000,2.000000,0.000000,0.000000,0.000000,7,7,,,BAR_I,FLAT_TOP,3.150000,0.000000,0.000000,200.000000,0.000000,0.000000,True,True,P0-min-1.0.0,3.730283,SAFE
E_DECISION-3.30__base,E_DECISION-3.30,E_DECISION,base,synthetic,MEASURED,MEETS_SCREENING_THRESHOLD,,3.300000,3.300211,3.274272,3.326150,3.000000,0.000211,0.000211,1,3.300211,3.302589,0.002589,0.004926,0.001862,0.000162,0.015433,0.015768,0.051878,17.981876,0.052860,0.909906,624.340577,0.008489,0.095689,0.181361,0.057887,0.000185,0.643985,,27.000000,1.000096,1.000000,2.000000,0.000000,0.000000,0.000000,7,7,,,BAR_I,FLAT_TOP,3.300000,0.000000,0.000000,200.000000,0.000000,0.000000,True,True,P0-min-1.0.0,3.754543,SAFE
E_DECISION-3.60__base,E_DECISION-3.60,E_DECISION,base,synthetic,MEASURED,MEETS_SCREENING_THRESHOLD,,3.600000,3.599795,3.573479,3.626111,3.000000,-0.000205,0.000205,1,3.599795,3.602847,0.002847,0.003139,0.001186,0.000286,0.015689,0.015998,0.052632,17.902287,0.053167,0.910140,606.515465,0.006030,0.114435,0.203786,0.058307,0.000241,0.382256,,27.000000,1.000068,1.000000,2.000000,0.000000,0.000000,0.000000,7,7,,,BAR_I,FLAT_TOP,3.600000,0.000000,0.000000,200.000000,0.000000,0.000000,True,True,P0-min-1.0.0,3.802723,SAFE
E_DISTORT-offaxis__undistort_off,E_DISTORT-offaxis,E_DISTORT,undistort_off,synthetic,PHYSICAL_SIZE_NOT_ESTABLISHED_GEOMETRY,,PHYSICAL_SIZE_NOT_ESTABLISHED_GEOMETRY|GATE_REPROJ_RMS_PX,3.060000,,,,2.754000,,,,3.069585,3.078372,0.018372,0.003911,0.001478,0.003273,0.017460,0.017994,0.059200,17.795201,0.053624,0.909707,427.971663,0.009620,0.821922,1.192355,0.064694,0.001988,0.427194,,20.000000,1.000811,0.958333,2.000000,0.000000,0.000000,0.000000,7,7,GEOMETRY,reproj_rms_px,BAR_I,FLAT_TOP,3.000000,0.030000,0.000000,200.000000,0.000000,0.000000,False,True,P0-min-1.0.0,3.505362,DIAGNOSTIC
E_DISTORT-offaxis__undistort_on,E_DISTORT-offaxis,E_DISTORT,undistort_on,synthetic,MEASURED,MEETS_SCREENING_THRESHOLD,,3.060000,3.061129,3.034063,3.088195,2.754000,0.001129,0.001129,1,3.061129,3.063399,0.003399,0.003330,0.001259,0.000182,0.016221,0.016454,0.054132,17.884685,0.053352,0.909687,613.243245,0.007903,0.079704,0.174441,0.064694,0.000273,0.405711,,20.000000,1.000792,1.000000,2.000000,0.000000,0.000000,0.000000,7,7,,,BAR_I,FLAT_TOP,3.000000,0.030000,0.000000,200.000000,0.000000,0.000000,True,True,P0-min-1.0.0,3.624593,DIAGNOSTIC
E_ILLUM-glare-mild__base,E_ILLUM-glare-mild,E_ILLUM,base,synthetic,MEASURED,MEETS_SCREENING_THRESHOLD,,3.060000,3.062747,3.037301,3.088192,2.754000,0.002747,0.002747,1,3.062747,3.063978,0.003978,0.002058,0.000778,0.000244,0.015252,0.015468,0.050891,17.902611,0.053250,0.909194,638.057560,0.006109,0.117290,0.198301,0.059211,0.000291,0.455120,,27.000000,1.000084,1.000000,2.000000,0.000000,0.000000,0.000000,7,7,,,BAR_I,FLAT_TOP,3.000000,0.030000,0.000000,200.000000,0.000000,0.000000,True,True,P0-min-1.0.0,3.662301,SAFE
E_ILLUM-gradient__base,E_ILLUM-gradient,E_ILLUM,base,synthetic,MEASURED,MEETS_SCREENING_THRESHOLD,,3.060000,3.060398,3.033345,3.087451,2.754000,0.000398,0.000398,1,3.060398,3.061348,0.001348,0.002464,0.000931,0.000269,0.016234,0.016446,0.054107,17.898544,0.052766,0.909961,598.016862,0.008277,0.115580,0.218036,0.057430,0.000329,0.382251,,27.000000,1.000133,1.000000,2.000000,0.000000,0.000000,0.000000,7,7,,,BAR_I,FLAT_TOP,3.000000,0.030000,0.000000,200.000000,0.000000,0.000000,True,True,P0-min-1.0.0,3.815452,SAFE
E_INKSPREAD-0.00__base,E_INKSPREAD-0.00,E_INKSPREAD,base,synthetic,MEASURED,MEETS_SCREENING_THRESHOLD,,3.000000,3.002579,2.976392,3.028766,2.700000,0.002579,0.002579,1,3.002579,3.006649,0.006649,0.001664,0.000629,0.000191,0.015723,0.015919,0.052374,17.907646,0.053393,0.909331,596.004482,0.008940,0.082380,0.116963,0.059397,0.000207,0.529650,,27.000000,1.000057,1.000000,2.000000,0.000000,0.000000,0.000000,7,7,,,BAR_I,FLAT_TOP,3.000000,0.000000,0.000000,200.000000,0.000000,0.000000,True,True,P0-min-1.0.0,3.622873,SAFE
E_INKSPREAD-0.03__base,E_INKSPREAD-0.03,E_INKSPREAD,base,synthetic,MEASURED,MEETS_SCREENING_THRESHOLD,,3.060000,3.058950,3.030926,3.086974,2.754000,-0.001050,0.001050,1,3.058950,3.060601,0.000601,0.003833,0.001449,0.000230,0.016796,0.017036,0.056048,17.906456,0.053150,0.909801,611.142637,0.010488,0.111704,0.228597,0.061673,0.000187,0.307635,,27.000000,1.000087,1.000000,2.000000,0.000000,0.000000,0.000000,7,7,,,BAR_I,FLAT_TOP,3.000000,0.030000,0.000000,200.000000,0.000000,0.000000,True,True,P0-min-1.0.0,3.707503,SAFE
E_INKSPREAD-0.06__base,E_INKSPREAD-0.06,E_INKSPREAD,base,synthetic,MEASURED,MEETS_SCREENING_THRESHOLD,,3.120000,3.119895,3.093855,3.145936,2.808000,-0.000105,0.000105,1,3.119895,3.120714,0.000714,0.003316,0.001253,0.000168,0.015581,0.015830,0.052081,17.818395,0.053412,0.910224,632.122445,0.006099,0.096109,0.160730,0.060420,0.000156,0.558587,,27.000000,1.000081,1.000000,2.000000,0.000000,0.000000,0.000000,7,7,,,BAR_I,FLAT_TOP,3.000000,0.060000,0.000000,200.000000,0.000000,0.000000,True,True,P0-min-1.0.0,3.673765,SAFE
E_INKSPREAD-0.12__base,E_INKSPREAD-0.12,E_INKSPREAD,base,synthetic,MEASURED,MEETS_SCREENING_THRESHOLD,,3.240000,3.238116,3.212354,3.263879,2.916000,-0.001884,0.001884,1,3.238116,3.240443,0.000443,0.003843,0.001453,0.000209,0.015376,0.015661,0.051525,17.901756,0.053074,0.910597,622.795910,0.005637,0.112906,0.211096,0.058952,0.000330,0.318900,,27.000000,1.000076,1.000000,2.000000,0.000000,0.000000,0.000000,7,7,,,BAR_I,FLAT_TOP,3.000000,0.120000,0.000000,200.000000,0.000000,0.000000,True,True,P0-min-1.0.0,3.761789,SAFE
E_LINEARIZE-nominal__gamma,E_LINEARIZE-nominal,E_LINEARIZE,gamma,synthetic,PHYSICAL_SIZE_NOT_ESTABLISHED_GEOMETRY,,PHYSICAL_SIZE_NOT_ESTABLISHED_GEOMETRY|GATE_REPROJ_RMS_PX,3.060000,,,,2.754000,,,,3.016464,3.029815,-0.030185,0.002952,0.001116,0.000247,0.017197,0.017402,0.057254,17.972520,0.056356,0.617616,1111.671614,0.004160,0.593194,0.749972,0.066441,0.000205,0.306777,,27.000000,1.000179,1.000000,2.000000,0.000000,0.000000,0.000000,7,7,GEOMETRY,reproj_rms_px,BAR_I,FLAT_TOP,3.000000,0.030000,0.000000,200.000000,0.000000,0.000000,True,False,P0-min-1.0.0,3.692713,DIAGNOSTIC
E_LINEARIZE-nominal__gamma_glyph_only,E_LINEARIZE-nominal,E_LINEARIZE,gamma_glyph_only,synthetic,MEASURED,MEETS_SCREENING_THRESHOLD,,3.060000,3.015852,2.987254,3.044449,2.754000,-0.044148,0.044148,0,3.015852,3.029285,-0.030715,0.002975,0.001124,0.000199,0.017179,0.017385,0.057196,17.974796,0.053214,0.617626,1105.940045,0.004392,0.097773,0.187621,0.059327,0.000167,0.299171,,27.000000,1.000055,1.000000,2.000000,0.000000,0.000000,0.000000,7,7,,,BAR_I,FLAT_TOP,3.000000,0.030000,0.000000,200.000000,0.000000,0.000000,True,False,P0-min-1.0.0,3.622323,DIAGNOSTIC
E_LINEARIZE-nominal__linear,E_LINEARIZE-nominal,E_LINEARIZE,linear,synthetic,MEASURED,MEETS_SCREENING_THRESHOLD,,3.060000,3.060426,3.033627,3.087225,2.754000,0.000426,0.000426,1,3.060426,3.062304,0.002304,0.002548,0.000963,0.000202,0.016076,0.016291,0.053598,17.974796,0.053214,0.910259,618.503041,0.008368,0.097773,0.187621,0.059327,0.000167,0.299171,,27.000000,1.000055,1.000000,2.000000,0.000000,0.000000,0.000000,7,7,,,BAR_I,FLAT_TOP,3.000000,0.030000,0.000000,200.000000,0.000000,0.000000,True,True,P0-min-1.0.0,3.704369,DIAGNOSTIC
E_MATH-BAR_I-2.0__base,E_MATH-BAR_I-2.0,E_MATH,base,synthetic,MEASURED,MEETS_SCREENING_THRESHOLD,,2.000000,2.000000,1.978731,2.021269,1.800000,0.000000,0.000000,1,2.000000,2.000000,0.000000,0.000000,0.000000,0.000000,0.012830,0.012929,0.042537,18.000000,0.034682,0.906977,,0.000000,0.000000,0.000000,0.000000,0.000000,0.000000,,27.000000,1.000000,1.000000,2.000000,0.000000,0.000000,0.000000,7,7,,,BAR_I,FLAT_TOP,2.000000,0.000000,0.000000,200.000000,0.000000,0.000000,True,True,P0-min-1.0.0,3.458791,SAFE
E_MATH-BAR_I-4.0__base,E_MATH-BAR_I-4.0,E_MATH,base,synthetic,MEASURED,MEETS_SCREENING_THRESHOLD,,4.000000,4.000000,3.978249,4.021751,3.600000,0.000000,0.000000,1,4.000000,4.000000,0.000000,0.000000,0.000000,0.000000,0.012830,0.013222,0.043502,18.000000,0.034682,0.906977,,0.000000,0.000000,0.000000,0.000000,0.000000,0.000000,,27.000000,1.000000,1.000000,2.000000,0.000000,0.000000,0.000000,7,7,,,BAR_I,FLAT_TOP,4.000000,0.000000,0.000000,200.000000,0.000000,0.000000,True,True,P0-min-1.0.0,3.586943,SAFE
E_MATH-H-2.0__base,E_MATH-H-2.0,E_MATH,base,synthetic,MEASURED,MEETS_SCREENING_THRESHOLD,,2.000000,2.000000,1.978731,2.021269,1.800000,-0.000000,0.000000,1,2.000000,2.000000,0.000000,0.000000,0.000000,0.000000,0.012830,0.012929,0.042537,18.000000,0.034682,0.906977,,0.000000,0.000000,0.000000,0.000000,0.000000,0.000000,,27.000000,1.000000,1.000000,2.000000,0.000000,0.000000,0.000000,7,7,,,H,FLAT_TOP,2.000000,0.000000,0.000000,200.000000,0.000000,0.000000,True,True,P0-min-1.0.0,3.538925,SAFE
E_MATH-H-4.0__base,E_MATH-H-4.0,E_MATH,base,synthetic,MEASURED,MEETS_SCREENING_THRESHOLD,,4.000000,4.000000,3.978249,4.021751,3.600000,0.000000,0.000000,1,4.000000,4.000000,0.000000,0.000000,0.000000,0.000000,0.012830,0.013222,0.043502,18.000000,0.034682,0.906977,,0.000000,0.000000,0.000000,0.000000,0.000000,0.000000,,27.000000,1.000000,1.000000,2.000000,0.000000,0.000000,0.000000,7,7,,,H,FLAT_TOP,4.000000,0.000000,0.000000,200.000000,0.000000,0.000000,True,True,P0-min-1.0.0,3.617924,SAFE
E_MATH-RING_O-2.0__base,E_MATH-RING_O-2.0,E_MATH,base,synthetic,MEASURED,MEETS_SCREENING_THRESHOLD,,2.000000,1.992033,1.972893,2.011174,1.800000,-0.007967,0.007967,1,1.992033,1.994590,-0.005410,0.000000,0.000516,0.000000,0.011514,0.011635,0.038281,18.000000,0.034682,0.906977,,0.000000,0.000000,0.000000,0.000000,0.000000,0.000000,,27.000000,1.000000,1.000000,4.000000,0.000000,0.000000,0.000000,7,7,,,RING_O,ROUND,2.000000,0.000000,0.000000,200.000000,0.000000,0.000000,True,True,P0-min-1.0.0,3.489827,SAFE
E_MATH-RING_O-4.0__base,E_MATH-RING_O-4.0,E_MATH,base,synthetic,MEASURED,MEETS_SCREENING_THRESHOLD,,4.000000,3.997106,3.978406,4.015805,3.600000,-0.002894,0.002894,1,3.997106,4.000000,0.000000,0.000000,0.000904,0.000000,0.010872,0.011368,0.037399,18.000000,0.034682,0.906977,,0.000000,0.000000,0.000000,0.000000,0.000000,0.000000,,27.000000,1.000000,1.000000,4.000000,0.000000,0.000000,0.000000,7,7,,,RING_O,ROUND,4.000000,0.000000,0.000000,200.000000,0.000000,0.000000,True,True,P0-min-1.0.0,3.900970,SAFE
E_MATH-T-2.0__base,E_MATH-T-2.0,E_MATH,base,synthetic,MEASURED,MEETS_SCREENING_THRESHOLD,,2.000000,2.001459,1.980457,2.022462,1.800000,0.001459,0.001459,1,2.001459,2.017512,0.017512,0.000000,0.000366,0.000000,0.012661,0.012767,0.042005,18.000000,0.034682,0.906977,,0.000000,0.000000,0.000000,0.000000,0.000000,0.000000,,27.000000,1.000000,1.000000,2.000000,0.000000,0.000000,0.000000,7,7,,,T,FLAT_TOP,2.000000,0.000000,0.000000,200.000000,0.000000,0.000000,True,True,P0-min-1.0.0,3.541900,SAFE
E_MATH-T-4.0__base,E_MATH-T-4.0,E_MATH,base,synthetic,MEASURED,MEETS_SCREENING_THRESHOLD,,4.000000,4.000030,3.978285,4.021776,3.600000,0.000030,0.000030,1,4.000030,4.000362,0.000362,0.000000,0.000008,0.000000,0.012827,0.013219,0.043491,18.000000,0.034682,0.906977,,0.000000,0.000000,0.000000,0.000000,0.000000,0.000000,,27.000000,1.000000,1.000000,2.000000,0.000000,0.000000,0.000000,7,7,,,T,FLAT_TOP,4.000000,0.000000,0.000000,200.000000,0.000000,0.000000,True,True,P0-min-1.0.0,3.757776,SAFE
E_NOISE-0.000__base,E_NOISE-0.000,E_NOISE,base,synthetic,MEASURED,MEETS_SCREENING_THRESHOLD,,3.060000,3.059312,3.034003,3.084620,2.754000,-0.000688,0.000688,1,3.059312,3.060296,0.000296,0.003595,0.001359,0.000265,0.015126,0.015385,0.050616,17.901211,0.053067,0.906977,4341.795676,0.000000,0.119831,0.222703,0.056461,0.000347,0.397390,,27.000000,1.000108,1.000000,2.000000,0.000000,0.000000,0.000000,7,7,,,BAR_I,FLAT_TOP,3.000000,0.030000,0.000000,200.000000,0.000000,0.000000,True,True,P0-min-1.0.0,3.713810,DIAGNOSTIC
E_NOISE-0.005__base,E_NOISE-0.005,E_NOISE,base,synthetic,MEASURED,MEETS_SCREENING_THRESHOLD,,3.060000,3.061517,3.034984,3.088050,2.754000,0.001517,0.001517,1,3.061517,3.064259,0.004259,0.002430,0.000918,0.000200,0.015915,0.016129,0.053066,17.877481,0.053541,0.914685,243.354478,0.016584,0.099061,0.202592,0.063750,0.000147,0.475757,,27.000000,1.000115,1.000000,2.000000,0.000000,0.000000,0.000000,7,7,,,BAR_I,FLAT_TOP,3.000000,0.030000,0.000000,200.000000,0.000000,0.000000,True,True,P0-min-1.0.0,3.732083,DIAGNOSTIC
E_NOISE-0.012__base,E_NOISE-0.012,E_NOISE,base,synthetic,MEASURED,MEETS_SCREENING_THRESHOLD,,3.060000,3.061390,3.036037,3.086743,2.754000,0.001390,0.001390,1,3.061390,3.065836,0.005836,0.003021,0.001142,0.000146,0.015173,0.015412,0.050707,17.886333,0.052954,0.925772,110.412536,0.037719,0.077993,0.133750,0.069195,0.000231,0.333585,,27.000000,1.000083,1.000000,2.000000,0.000000,0.000000,0.000000,7,7,,,BAR_I,FLAT_TOP,3.000000,0.030000,0.000000,200.000000,0.000000,0.000000,True,True,P0-min-1.0.0,3.700167,DIAGNOSTIC
E_NOISE-0.025__base,E_NOISE-0.025,E_NOISE,base,synthetic,PHYSICAL_SIZE_NOT_ESTABLISHED_IMAGE_QUALITY,,PHYSICAL_SIZE_NOT_ESTABLISHED_IMAGE_QUALITY|GATE_OVERSHOOT_RATIO,3.060000,,,,2.754000,,,,3.063033,3.070368,0.010368,0.003321,0.001255,0.000223,0.016007,0.016243,0.053440,17.971434,0.053557,0.949489,47.837200,0.083748,0.083302,0.144976,0.101023,0.000221,0.565159,,27.000000,1.000065,1.000000,2.000000,0.000000,0.000000,0.000000,7,7,IMAGE_QUALITY,overshoot_ratio,BAR_I,FLAT_TOP,3.000000,0.030000,0.000000,200.000000,0.000000,0.000000,True,True,P0-min-1.0.0,3.698632,DIAGNOSTIC
E_NOMINAL-BAR_I-1.5__base,E_NOMINAL-BAR_I-1.5,E_NOMINAL,base,synthetic,MEASURED,MEETS_SCREENING_THRESHOLD,,1.560000,1.560041,1.533090,1.586992,1.404000,0.000041,0.000041,1,1.560041,1.561833,0.001833,0.003335,0.001260,0.000087,0.016287,0.016383,0.053901,17.828367,0.053011,0.902001,106.333385,0.007581,0.132479,0.223744,0.063313,0.000192,0.366757,,27.000000,1.000066,1.000000,2.000000,0.000000,0.000000,0.000000,7,7,,,BAR_I,FLAT_TOP,1.500000,0.030000,0.000000,200.000000,0.000000,0.000000,True,True,P0-min-1.0.0,3.570185,SAFE
E_NOMINAL-BAR_I-2.0__base,E_NOMINAL-BAR_I-2.0,E_NOMINAL,base,synthetic,MEASURED,MEETS_SCREENING_THRESHOLD,,2.060000,2.060017,2.032836,2.087198,1.854000,0.000017,0.000017,1,2.060017,2.063189,0.003189,0.003038,0.001148,0.000118,0.016401,0.016523,0.054362,17.879959,0.053322,0.908416,238.290955,0.009421,0.084009,0.174733,0.064574,0.000198,0.512767,,27.000000,1.000071,1.000000,2.000000,0.000000,0.000000,0.000000,7,7,,,BAR_I,FLAT_TOP,2.000000,0.030000,0.000000,200.000000,0.000000,0.000000,True,True,P0-min-1.0.0,3.521005,SAFE
E_NOMINAL-BAR_I-3.0__base,E_NOMINAL-BAR_I-3.0,E_NOMINAL,base,synthetic,MEASURED,MEETS_SCREENING_THRESHOLD,,3.060000,3.058976,3.032503,3.085450,2.754000,-0.001024,0.001024,1,3.058976,3.061115,0.001115,0.003199,0.001209,0.000211,0.015859,0.016094,0.052948,17.902953,0.053195,0.909969,622.406761,0.007028,0.103205,0.171038,0.061082,0.000171,0.484875,,27.000000,1.000095,1.000000,2.000000,0.000000,0.000000,0.000000,7,7,,,BAR_I,FLAT_TOP,3.000000,0.030000,0.000000,200.000000,0.000000,0.000000,True,True,P0-min-1.0.0,3.636163,SAFE
E_NOMINAL-BAR_I-4.0__base,E_NOMINAL-BAR_I-4.0,E_NOMINAL,base,synthetic,MEASURED,MEETS_SCREENING_THRESHOLD,,4.060000,4.058925,4.032646,4.085205,3.654000,-0.001075,0.001075,1,4.058925,4.061413,0.001413,0.003127,0.001182,0.000203,0.015596,0.015975,0.052559,17.916673,0.053322,0.910577,587.219593,0.006112,0.102213,0.195824,0.057983,0.000195,0.505229,,27.000000,1.000042,1.000000,2.000000,0.000000,0.000000,0.000000,7,7,,,BAR_I,FLAT_TOP,4.000000,0.030000,0.000000,200.000000,0.000000,0.000000,True,True,P0-min-1.0.0,3.704067,SAFE
E_NOMINAL-BAR_I-6.0__base,E_NOMINAL-BAR_I-6.0,E_NOMINAL,base,synthetic,MEASURED,MEETS_SCREENING_THRESHOLD,,6.060000,6.058153,6.031062,6.085243,5.454000,-0.001847,0.001847,1,6.058153,6.059443,-0.000557,0.003289,0.001243,0.000438,0.015685,0.016468,0.054181,17.876102,0.053291,0.910969,584.937683,0.007027,0.086585,0.178644,0.064554,0.000140,0.425399,,27.000000,1.000071,1.000000,2.000000,0.000000,0.000000,0.000000,7,7,,,BAR_I,FLAT_TOP,6.000000,0.030000,0.000000,200.000000,0.000000,0.000000,True,True,P0-min-1.0.0,3.839361,SAFE
E_NOMINAL-RING_O-1.5__base,E_NOMINAL-RING_O-1.5,E_NOMINAL,base,synthetic,MEASURED,MEETS_SCREENING_THRESHOLD,,1.560000,1.568021,1.543469,1.592574,1.404000,0.008021,0.008021,1,1.568021,1.567357,0.007357,0.001215,0.000459,0.000136,0.014865,0.014926,0.049105,17.958539,0.053409,0.874256,492.115773,0.007183,0.114801,0.204645,0.059775,0.000207,0.410726,,27.000000,1.000064,1.000000,4.000000,0.000000,0.000000,0.000000,7,7,,,RING_O,ROUND,1.500000,0.030000,0.000000,200.000000,0.000000,0.000000,True,True,P0-min-1.0.0,3.572177,SAFE
E_NOMINAL-RING_O-2.0__base,E_NOMINAL-RING_O-2.0,E_NOMINAL,base,synthetic,MEASURED,MEETS_SCREENING_THRESHOLD,,2.060000,2.064789,2.041146,2.088432,1.854000,0.004789,0.004789,1,2.064789,2.062675,0.002675,0.001243,0.000470,0.000140,0.014269,0.014373,0.047286,17.887994,0.053296,0.899254,573.284512,0.006828,0.099577,0.184513,0.062192,0.000266,0.319867,,27.000000,1.000072,1.000000,4.000000,0.000000,0.000000,0.000000,7,7,,,RING_O,ROUND,2.000000,0.030000,0.000000,200.000000,0.000000,0.000000,True,True,P0-min-1.0.0,3.665584,SAFE
E_NOMINAL-RING_O-3.0__base,E_NOMINAL-RING_O-3.0,E_NOMINAL,base,synthetic,MEASURED,MEETS_SCREENING_THRESHOLD,,3.060000,3.059453,3.034053,3.084853,2.754000,-0.000547,0.000547,1,3.059453,3.057819,-0.002181,0.002418,0.000914,0.000182,0.015217,0.015441,0.050801,17.892810,0.053249,0.907581,605.233071,0.007341,0.067340,0.128678,0.058103,0.000144,0.307272,,27.000000,1.000047,1.000000,4.000000,0.000000,0.000000,0.000000,7,7,,,RING_O,ROUND,3.000000,0.030000,0.000000,200.000000,0.000000,0.000000,True,True,P0-min-1.0.0,3.931756,SAFE
E_NOMINAL-RING_O-4.0__base,E_NOMINAL-RING_O-4.0,E_NOMINAL,base,synthetic,MEASURED,MEETS_SCREENING_THRESHOLD,,4.060000,4.058153,4.032218,4.084087,3.654000,-0.001847,0.001847,1,4.058153,4.055747,-0.004253,0.001606,0.000607,0.000234,0.015415,0.015766,0.051869,17.867975,0.053250,0.908350,620.158646,0.007317,0.095199,0.153295,0.060497,0.000135,0.407746,,27.000000,1.000061,1.000000,4.000000,0.000000,0.000000,0.000000,7,7,,,RING_O,ROUND,4.000000,0.030000,0.000000,200.000000,0.000000,0.000000,True,True,P0-min-1.0.0,4.164463,SAFE
E_NOMINAL-RING_O-6.0__base,E_NOMINAL-RING_O-6.0,E_NOMINAL,base,synthetic,MEASURED,MEETS_SCREENING_THRESHOLD,,6.060000,6.058904,6.032046,6.085762,5.454000,-0.001096,0.001096,1,6.058904,6.054851,-0.005149,0.001541,0.000583,0.000390,0.015576,0.016327,0.053716,17.750049,0.053412,0.908971,622.586823,0.007071,0.108298,0.165651,0.057545,0.000185,0.473516,,27.000000,1.000081,1.000000,4.000000,0.000000,0.000000,0.000000,7,7,,,RING_O,ROUND,6.000000,0.030000,0.000000,200.000000,0.000000,0.000000,True,True,P0-min-1.0.0,4.852885,SAFE
E_RHO-200__base,E_RHO-200,E_RHO,base,synthetic,MEASURED,MEETS_SCREENING_THRESHOLD,,3.060000,3.061946,3.035353,3.088539,2.754000,0.001946,0.001946,1,3.061946,3.063531,0.003531,0.002758,0.001042,0.000184,0.015944,0.016166,0.053186,17.928350,0.053515,0.910004,603.398580,0.007229,0.080104,0.153439,0.060821,0.000190,0.472303,,27.000000,1.000074,1.000000,2.000000,0.000000,0.000000,0.000000,7,7,,,BAR_I,FLAT_TOP,3.000000,0.030000,0.000000,200.000000,0.000000,0.000000,True,True,P0-min-1.0.0,3.646153,DIAGNOSTIC
E_RHO-200-hires__base,E_RHO-200-hires,E_RHO,base,synthetic,MEASURED,MEETS_SCREENING_THRESHOLD,,3.060000,3.060868,3.041127,3.080610,2.754000,0.000868,0.000868,1,3.060868,3.063151,0.003151,0.001819,0.000688,0.000103,0.011728,0.012001,0.039483,23.857399,0.039949,0.910528,600.406012,0.006985,0.108653,0.185165,0.058331,0.000268,0.383249,,27.000000,1.000062,1.000000,2.000000,0.000000,0.000000,0.000000,7,7,,,BAR_I,FLAT_TOP,3.000000,0.030000,0.000000,200.000000,0.000000,0.000000,True,True,P0-min-1.0.0,6.176972,DIAGNOSTIC
E_RHO-240__base,E_RHO-240,E_RHO,base,synthetic,PHYSICAL_SIZE_NOT_ESTABLISHED_IMAGE_QUALITY,,PHYSICAL_SIZE_NOT_ESTABLISHED_IMAGE_QUALITY|GATE_BLUR_SIGMA_MM,3.060000,,,,2.754000,,,,3.059029,3.060928,0.000928,0.005651,0.002136,0.000197,0.019335,0.019606,0.064505,14.934010,0.063681,0.909761,568.910263,0.008553,0.107582,0.185131,0.059763,0.000225,0.454883,,27.000000,1.000045,1.000000,2.000000,0.000000,0.000000,0.000000,7,7,IMAGE_QUALITY,blur_sigma_mm,BAR_I,FLAT_TOP,3.000000,0.030000,0.000000,240.000000,0.000000,0.000000,True,True,P0-min-1.0.0,3.073400,DIAGNOSTIC
E_RHO-280__base,E_RHO-280,E_RHO,base,synthetic,PHYSICAL_SIZE_NOT_ESTABLISHED_IMAGE_QUALITY,,PHYSICAL_SIZE_NOT_ESTABLISHED_IMAGE_QUALITY|GATE_BLUR_SIGMA_MM,3.060000,,,,2.754000,,,,3.060302,3.063541,0.003541,0.004965,0.001877,0.000409,0.022212,0.022429,0.073792,12.791797,0.074370,0.908349,364.960016,0.008429,0.122349,0.191371,0.058321,0.000451,0.376245,,27.000000,1.000124,1.000000,2.000000,0.000000,0.000000,0.000000,7,7,IMAGE_QUALITY,blur_sigma_mm,BAR_I,FLAT_TOP,3.000000,0.030000,0.000000,280.000000,0.000000,0.000000,True,True,P0-min-1.0.0,2.770757,DIAGNOSTIC
E_RHO-340__base,E_RHO-340,E_RHO,base,synthetic,PHYSICAL_SIZE_NOT_ESTABLISHED_IMAGE_QUALITY,,PHYSICAL_SIZE_NOT_ESTABLISHED_IMAGE_QUALITY|GATE_BLUR_SIGMA_MM,3.060000,,,,2.754000,,,,3.062485,3.066731,0.006731,0.007535,0.002848,0.000382,0.026971,0.027234,0.089600,10.551970,0.090663,0.905351,296.352991,0.007116,0.133143,0.257558,0.062738,0.000524,0.389873,,27.000000,1.000137,1.000000,2.000000,0.000000,0.000000,0.000000,7,7,IMAGE_QUALITY,blur_sigma_mm,BAR_I,FLAT_TOP,3.000000,0.030000,0.000000,340.000000,0.000000,0.000000,True,True,P0-min-1.0.0,2.495385,DIAGNOSTIC
E_RHO-420__base,E_RHO-420,E_RHO,base,synthetic,PHYSICAL_SIZE_NOT_ESTABLISHED_IMAGE_QUALITY,,PHYSICAL_SIZE_NOT_ESTABLISHED_IMAGE_QUALITY|GATE_BLUR_SIGMA_MM,3.060000,,,,2.754000,,,,3.059266,3.067418,0.007418,0.003347,0.001265,0.000529,0.031545,0.031669,0.104192,8.564649,0.111568,0.893925,95.987526,0.007345,0.101165,0.191960,0.052505,0.000413,0.422327,,27.000000,1.000213,1.000000,2.000000,0.000000,0.000000,0.000000,7,7,IMAGE_QUALITY,blur_sigma_mm,BAR_I,FLAT_TOP,3.000000,0.030000,0.000000,420.000000,0.000000,0.000000,True,True,P0-min-1.0.0,2.271677,DIAGNOSTIC
E_THICKNESS-declared__base,E_THICKNESS-declared,E_THICKNESS,base,synthetic,MEASURED,MEETS_SCREENING_THRESHOLD,,3.060000,3.060684,3.034885,3.086483,2.754000,0.000684,0.000684,1,3.060684,3.056980,-0.003020,0.002229,0.000843,0.000149,0.015468,0.015683,0.051598,17.886587,0.053397,0.909989,654.262868,0.005995,0.098524,0.186415,0.061701,0.000266,0.388341,,27.000000,1.000057,1.000000,2.000000,0.002248,0.000000,0.000000,7,7,,,BAR_I,FLAT_TOP,3.000000,0.030000,0.000000,200.000000,-0.450000,0.000000,True,True,P0-min-1.0.0,3.668841,SAFE
E_TILT-0__base,E_TILT-0,E_TILT,base,synthetic,MEASURED,MEETS_SCREENING_THRESHOLD,,3.060000,3.060485,3.034798,3.086171,2.754000,0.000485,0.000485,1,3.060485,3.062193,0.002193,0.002765,0.001045,0.000175,0.015386,0.015615,0.051374,17.904276,0.053229,0.910130,617.776673,0.005929,0.092457,0.160290,0.060147,0.000204,0.537319,,27.000000,1.000055,1.000000,2.000000,0.000000,0.000000,0.000000,7,7,,,BAR_I,FLAT_TOP,3.000000,0.030000,0.000000,200.000000,0.000000,0.000000,True,True,P0-min-1.0.0,3.703775,DIAGNOSTIC
E_TILT-10__base,E_TILT-10,E_TILT,base,synthetic,MEASURED,MEETS_SCREENING_THRESHOLD,,3.060000,3.059981,3.033914,3.086048,2.754000,-0.000019,0.000019,1,3.059981,3.062838,0.002838,0.002000,0.000756,0.000070,0.015638,0.015846,0.052134,17.598649,0.053847,0.909896,591.206693,0.006882,0.068424,0.096634,0.059084,0.000088,10.301149,,27.000000,1.016441,1.000000,2.000000,0.000000,0.000000,0.000000,7,7,,,BAR_I,FLAT_TOP,3.000000,0.030000,10.000000,200.000000,0.000000,0.000000,True,True,P0-min-1.0.0,3.720911,DIAGNOSTIC
E_TILT-20__base,E_TILT-20,E_TILT,base,synthetic,MEASURED,MEETS_SCREENING_THRESHOLD,,3.060000,3.061889,3.034055,3.089722,2.754000,0.001889,0.001889,1,3.061889,3.063366,0.003366,0.004122,0.001558,0.000081,0.016669,0.016920,0.055667,16.836460,0.054814,0.909919,595.949205,0.006667,0.070944,0.155526,0.057466,0.000097,20.164891,,27.000000,1.064401,1.000000,2.000000,0.000000,0.000000,0.000000,7,7,,,BAR_I,FLAT_TOP,3.000000,0.030000,20.000000,200.000000,0.000000,0.000000,True,True,P0-min-1.0.0,3.617989,DIAGNOSTIC
E_TILT-30__base,E_TILT-30,E_TILT,base,synthetic,PHYSICAL_SIZE_NOT_ESTABLISHED_GEOMETRY,,PHYSICAL_SIZE_NOT_ESTABLISHED_GEOMETRY|GATE_REPROJ_RMS_PX,3.060000,,,,2.754000,,,,3.061361,3.065707,0.005707,0.004363,0.001649,0.001176,0.017545,0.017830,0.058661,15.489708,0.057055,0.910065,559.659611,0.008921,1.480470,4.636190,0.183988,0.001438,30.107790,,27.000000,1.156724,1.000000,2.000000,0.000000,0.000000,0.000000,7,7,GEOMETRY,reproj_rms_px,BAR_I,FLAT_TOP,3.000000,0.030000,30.000000,200.000000,0.000000,0.000000,True,True,P0-min-1.0.0,3.608436,DIAGNOSTIC
E_TILT-40__base,E_TILT-40,E_TILT,base,synthetic,PHYSICAL_SIZE_NOT_ESTABLISHED_FIDUCIAL,,FIDUCIAL_MISSING_MARKER,3.060000,,,,2.754000,,,,,,,,,,,,,,,,,,,,,,,,,,,,,,,0,7,FIDUCIAL,FIDUCIAL_MISSING_MARKER,BAR_I,FLAT_TOP,3.000000,0.030000,40.000000,200.000000,0.000000,0.000000,True,True,P0-min-1.0.0,2.929732,DIAGNOSTIC
E_TILT-50__base,E_TILT-50,E_TILT,base,synthetic,PHYSICAL_SIZE_NOT_ESTABLISHED_FIDUCIAL,,FIDUCIAL_MISSING_MARKER,3.060000,,,,2.754000,,,,,,,,,,,,,,,,,,,,,,,,,,,,,,,0,7,FIDUCIAL,FIDUCIAL_MISSING_MARKER,BAR_I,FLAT_TOP,3.000000,0.030000,50.000000,200.000000,0.000000,0.000000,True,True,P0-min-1.0.0,2.625665,DIAGNOSTIC
N_EXCESS_PERSPECTIVE__base,N_EXCESS_PERSPECTIVE,N_NEGATIVE,base,synthetic,PHYSICAL_SIZE_NOT_ESTABLISHED_FIDUCIAL,,FIDUCIAL_MISSING_MARKER,3.060000,,,,2.754000,,,,,,,,,,,,,,,,,,,,,,,,,,,,,,,0,7,FIDUCIAL,FIDUCIAL_MISSING_MARKER,BAR_I,FLAT_TOP,3.000000,0.030000,55.000000,200.000000,0.000000,0.000000,True,True,P0-min-1.0.0,2.499046,UNSAFE_DETECTABLE
N_GLARE_SATURATION__base,N_GLARE_SATURATION,N_NEGATIVE,base,synthetic,PHYSICAL_SIZE_NOT_ESTABLISHED_IMAGE_QUALITY,,PHYSICAL_SIZE_NOT_ESTABLISHED_IMAGE_QUALITY|GATE_MICHELSON_CONTRAST,3.060000,,,,2.754000,,,,2.952796,2.960129,-0.099871,0.009520,0.003598,0.000149,0.006699,0.007964,0.026201,17.863323,0.053160,0.068472,,0.000000,0.087551,0.140453,0.060670,0.000230,0.458964,,27.000000,1.000036,0.916667,4.000000,0.000000,0.666667,0.000000,7,7,IMAGE_QUALITY,michelson_contrast,BAR_I,FLAT_TOP,3.000000,0.030000,0.000000,200.000000,0.000000,0.000000,True,True,P0-min-1.0.0,3.640827,UNSAFE_DETECTABLE
N_LOW_CONTRAST__base,N_LOW_CONTRAST,N_NEGATIVE,base,synthetic,PHYSICAL_SIZE_NOT_ESTABLISHED_IMAGE_QUALITY,,PHYSICAL_SIZE_NOT_ESTABLISHED_IMAGE_QUALITY|GATE_MICHELSON_CONTRAST,3.060000,,,,2.754000,,,,3.060608,3.064625,0.004625,0.003768,0.001424,0.000228,0.015846,0.016099,0.052966,17.856524,0.053434,0.198505,214.484209,0.020884,0.082836,0.172508,0.068966,0.000168,0.475536,,27.000000,1.000059,1.000000,2.000000,0.000000,0.000000,0.000000,7,7,IMAGE_QUALITY,michelson_contrast,BAR_I,FLAT_TOP,3.000000,0.030000,0.000000,200.000000,0.000000,0.000000,True,True,P0-min-1.0.0,3.712797,UNSAFE_DETECTABLE
N_MISSING_MARKER__base,N_MISSING_MARKER,N_NEGATIVE,base,synthetic,PHYSICAL_SIZE_NOT_ESTABLISHED_FIDUCIAL,,FIDUCIAL_MISSING_MARKER,3.060000,,,,2.754000,,,,,,,,,,,,,,,,,,,,,,,,,,,,,,,0,7,FIDUCIAL,FIDUCIAL_MISSING_MARKER,BAR_I,FLAT_TOP,3.000000,0.030000,0.000000,200.000000,0.000000,0.000000,True,True,P0-min-1.0.0,2.793675,UNSAFE_DETECTABLE
N_MOTION_BLUR__base,N_MOTION_BLUR,N_NEGATIVE,base,synthetic,PHYSICAL_SIZE_NOT_ESTABLISHED_IMAGE_QUALITY,,PHYSICAL_SIZE_NOT_ESTABLISHED_IMAGE_QUALITY|GATE_BLUR_SIGMA_MM,3.060000,,,,2.754000,,,,3.045900,3.063574,0.003574,0.004585,0.001733,0.000524,0.064382,0.064453,0.212051,17.949993,0.099680,0.907797,14.268128,0.035766,0.647936,1.226186,0.052953,0.000751,0.673340,,27.000000,1.000398,1.000000,2.000000,0.000000,0.000000,0.000000,7,7,IMAGE_QUALITY,blur_sigma_mm,BAR_I,FLAT_TOP,3.000000,0.030000,0.000000,200.000000,0.000000,0.000000,True,True,P0-min-1.0.0,2.394770,UNSAFE_DETECTABLE
N_NONPLANAR_TILT-10__base,N_NONPLANAR_TILT-10,N_UNDETECTABLE,base,synthetic,MEASURED,MEETS_SCREENING_THRESHOLD,,3.060000,3.014358,2.988163,3.040553,2.754000,-0.045642,0.045642,0,3.014358,3.015719,-0.044281,0.004340,0.001640,0.000139,0.015654,0.015924,0.052390,17.943740,0.053596,0.909725,619.309358,0.006051,0.121151,0.194383,0.059519,0.000232,0.538403,,27.000000,1.000096,1.000000,2.000000,0.000000,0.000000,0.000000,7,7,,,BAR_I,FLAT_TOP,3.000000,0.030000,0.000000,200.000000,0.000000,10.000000,True,True,P0-min-1.0.0,1.961536,UNSAFE_UNDETECTABLE
N_NONPLANAR_TILT-20__base,N_NONPLANAR_TILT-20,N_UNDETECTABLE,base,synthetic,MEASURED,MEETS_SCREENING_THRESHOLD,,3.060000,2.875335,2.848690,2.901979,2.754000,-0.184665,0.184665,0,2.875335,2.876581,-0.183419,0.004556,0.001722,0.000175,0.015940,0.016197,0.053290,17.918776,0.052996,0.909634,632.149456,0.007567,0.092134,0.175475,0.059339,0.000198,0.410936,,27.000000,1.000077,1.000000,2.000000,0.000000,0.000000,0.000000,7,7,,,BAR_I,FLAT_TOP,3.000000,0.030000,0.000000,200.000000,0.000000,20.000000,True,True,P0-min-1.0.0,1.930100,UNSAFE_UNDETECTABLE
N_PLANE_OFFSET_UNDECLARED-1.5__base,N_PLANE_OFFSET_UNDECLARED-1.5,N_UNDETECTABLE,base,synthetic,MEASURED,MEETS_SCREENING_THRESHOLD,,3.060000,3.082369,3.057132,3.107605,2.754000,0.022369,0.022369,1,3.082369,3.083913,0.023913,0.004036,0.001526,0.000222,0.015064,0.015341,0.050473,17.910815,0.053309,0.910118,613.888438,0.008110,0.099270,0.176349,0.064066,0.000233,0.329802,,27.000000,1.000033,1.000000,2.000000,0.000000,0.000000,0.000000,7,7,,,BAR_I,FLAT_TOP,3.000000,0.030000,0.000000,200.000000,1.500000,0.000000,True,True,P0-min-1.0.0,3.677350,UNSAFE_UNDETECTABLE
N_PLANE_OFFSET_UNDECLARED-5.0__base,N_PLANE_OFFSET_UNDECLARED-5.0,N_UNDETECTABLE,base,synthetic,MEASURED,MEETS_SCREENING_THRESHOLD,,3.060000,3.140188,3.115762,3.164613,2.754000,0.080188,0.080188,0,3.140188,3.142090,0.082090,0.004055,0.001533,0.000153,0.014553,0.014848,0.048851,17.924876,0.053175,0.910331,395.810202,0.009540,0.093810,0.136203,0.060415,0.000225,0.446696,,27.000000,1.000089,1.000000,2.000000,0.000000,0.000000,0.000000,7,7,,,BAR_I,FLAT_TOP,3.000000,0.030000,0.000000,200.000000,5.000000,0.000000,True,True,P0-min-1.0.0,3.179050,UNSAFE_UNDETECTABLE
N_SHARPENING__base,N_SHARPENING,N_NEGATIVE,base,synthetic,PHYSICAL_SIZE_NOT_ESTABLISHED_IMAGE_QUALITY,,PHYSICAL_SIZE_NOT_ESTABLISHED_IMAGE_QUALITY|GATE_CLIP_DARK_FRAC,3.060000,,,,2.754000,,,,3.064750,3.069770,0.009770,0.005299,0.002003,0.000255,0.009677,0.010184,0.033505,17.942218,0.028324,0.999786,58.444372,0.199033,0.095518,0.148499,0.066642,0.000209,0.577621,,27.000000,1.000079,1.000000,2.000000,0.000000,0.000000,0.039931,7,7,IMAGE_QUALITY,clip_dark_frac,BAR_I,FLAT_TOP,3.000000,0.030000,0.000000,200.000000,0.000000,0.000000,True,True,P0-min-1.0.0,2.400763,UNSAFE_DETECTABLE
N_TINY_TEXT__base,N_TINY_TEXT,N_NEGATIVE,base,synthetic,PHYSICAL_SIZE_NOT_ESTABLISHED_IMAGE_QUALITY,,PHYSICAL_SIZE_NOT_ESTABLISHED_IMAGE_QUALITY|GATE_BLUR_SIGMA_MM,0.860000,,,,0.774000,,,,0.850081,0.853728,-0.006272,0.004080,0.001542,0.000099,0.023220,0.023281,0.076594,10.562746,0.090139,0.526055,18.567247,0.066600,0.106828,0.190928,0.055364,0.000392,0.567892,,27.000000,1.000175,1.000000,2.000000,0.000000,0.000000,0.000000,7,7,IMAGE_QUALITY,blur_sigma_mm,BAR_I,FLAT_TOP,0.800000,0.030000,0.000000,340.000000,0.000000,0.000000,True,True,P0-min-1.0.0,2.443879,UNSAFE_DETECTABLE
N_UNSTABLE_BOUNDARY-0.07__base,N_UNSTABLE_BOUNDARY-0.07,E_HALFTONE,base,synthetic,MEASURED,MEETS_SCREENING_THRESHOLD,,3.060000,3.061829,3.036716,3.086941,2.754000,0.001829,0.001829,1,3.061829,3.071125,0.011125,0.004525,0.001710,0.000235,0.014970,0.015266,0.050226,17.888682,0.053514,0.315698,292.695415,0.015086,0.091706,0.130106,0.066567,0.000193,0.552491,,27.000000,1.000059,1.000000,2.000000,0.000000,0.000000,0.000000,7,7,,,BAR_I,FLAT_TOP,3.000000,0.030000,0.000000,200.000000,0.000000,0.000000,True,True,P0-min-1.0.0,3.702176,DIAGNOSTIC
N_UNSTABLE_BOUNDARY-0.15__base,N_UNSTABLE_BOUNDARY-0.15,N_NEGATIVE,base,synthetic,PHYSICAL_SIZE_NOT_ESTABLISHED_SEGMENTATION,,PHYSICAL_SIZE_NOT_ESTABLISHED_SEGMENTATION|GATE_MEDIAN_CROSSINGS,3.060000,,,,2.754000,,,,2.850078,3.068756,0.008756,0.034398,0.016997,0.000106,0.053645,0.056320,0.185293,17.974013,0.053156,0.474674,409.712847,0.012003,0.088626,0.149770,0.057445,0.000203,0.516020,,27.000000,1.000087,1.000000,8.000000,0.000000,0.000000,0.000000,7,7,SEGMENTATION,median_crossings,BAR_I,FLAT_TOP,3.000000,0.030000,0.000000,200.000000,0.000000,0.000000,True,True,P0-min-1.0.0,3.796710,UNSAFE_DETECTABLE
N_UNSTABLE_BOUNDARY-0.30__base,N_UNSTABLE_BOUNDARY-0.30,N_NEGATIVE,base,synthetic,PHYSICAL_SIZE_NOT_ESTABLISHED_SEGMENTATION,,PHYSICAL_SIZE_NOT_ESTABLISHED_SEGMENTATION|GATE_MEDIAN_CROSSINGS,3.060000,,,,2.754000,,,,3.017986,3.048991,-0.011009,0.001211,0.000926,0.000134,0.014832,0.015056,0.049534,17.885317,0.053327,0.840946,616.779586,0.007925,0.085109,0.175990,0.059377,0.000141,0.582143,,27.000000,1.000139,1.000000,10.000000,0.000000,0.000000,0.000000,7,7,SEGMENTATION,median_crossings,BAR_I,FLAT_TOP,3.000000,0.030000,0.000000,200.000000,0.000000,0.000000,True,True,P0-min-1.0.0,3.618976,UNSAFE_DETECTABLE
N_UNSTABLE_BOUNDARY-0.50__base,N_UNSTABLE_BOUNDARY-0.50,N_NEGATIVE,base,synthetic,PHYSICAL_SIZE_NOT_ESTABLISHED_SEGMENTATION,,PHYSICAL_SIZE_NOT_ESTABLISHED_SEGMENTATION|GATE_MEDIAN_CROSSINGS,3.060000,,,,2.754000,,,,3.012478,3.047542,-0.012458,0.002597,0.001043,0.000163,0.016138,0.016351,0.053795,17.854279,0.053486,0.883125,639.387088,0.008097,0.103742,0.214759,0.059050,0.000181,0.680523,,27.000000,1.000127,1.000000,6.000000,0.000000,0.000000,0.000000,7,7,SEGMENTATION,median_crossings,BAR_I,FLAT_TOP,3.000000,0.030000,0.000000,200.000000,0.000000,0.000000,True,True,P0-min-1.0.0,3.663978,UNSAFE_DETECTABLE
N_WRONG_FIDUCIAL__base,N_WRONG_FIDUCIAL,N_NEGATIVE,base,synthetic,PHYSICAL_SIZE_NOT_ESTABLISHED_FIDUCIAL,,FIDUCIAL_MISSING_MARKER,3.060000,,,,2.754000,,,,,,,,,,,,,,,,,,,,,,,,,,,,,,,0,7,FIDUCIAL,FIDUCIAL_MISSING_MARKER,BAR_I,FLAT_TOP,3.000000,0.030000,0.000000,200.000000,0.000000,0.000000,True,True,P0-min-1.0.0,3.430405,UNSAFE_DETECTABLE
